{
  "within_logistic": {
    "auc": 0.584448,
    "ci": [
      0.5373128646657169,
      0.6334172423001457
    ]
  },
  "within_svm": {
    "auc": 0.581552,
    "ci": [
      0.533024935727034,
      0.6340592735524957
    ]
  },
  "cross_combat": {
    "auc": 0.6588959999999999,
    "ci": [
      0.6097984424227794,
      0.7072746215102641
    ]
  }
}