{
  "n": 500,
  "n_asd": 250,
  "n_sites": 15,
  "within_loso": {
    "logistic": 0.584448,
    "svm": 0.581552
  },
  "cross_cohort": {
    "raw": 0.659904,
    "combat": 0.6588959999999999
  },
  "concordance": {
    "r": -0.047488748874887486,
    "p_spin": 0.7852147852147852
  }
}