{
  "gate1": {
    "n": 343,
    "obs": 0.2728851185987583,
    "p_perm": 0.4975024975024975,
    "null_mean": 0.2625697109736661
  },
  "k": 5,
  "silhouette": 0.2501934868538438,
  "stability": 0.5589054722869645,
  "biotype_sizes": [
    194,
    44,
    130,
    79,
    54
  ],
  "gate2_symptom_p": {
    "ADI_R_SOCIAL_TOTAL_A": 0.5116896027137281,
    "ADI_R_VERBAL_TOTAL_BV": 0.28421707712576433,
    "ADI_RRB_TOTAL_C": 0.5642630906268313,
    "ADOS_TOTAL": 0.7429881762121382,
    "FIQ": 0.5488484408919068,
    "age": 0.0981746470364835,
    "mean_fd": 4.517559893711939e-18
  },
  "transcriptomic": {
    "biotype0": {
      "r": 0.03391539153915391,
      "p_spin": 0.8671328671328671,
      "n": 194
    },
    "biotype1": {
      "r": -0.1613921392139214,
      "p_spin": 0.33666333666333664,
      "n": 44
    },
    "biotype2": {
      "r": -0.03829582958295828,
      "p_spin": 0.7672327672327672,
      "n": 130
    },
    "biotype3": {
      "r": -0.0634023402340234,
      "p_spin": 0.7372627372627373,
      "n": 79
    },
    "biotype4": {
      "r": -0.020306030603060306,
      "p_spin": 0.9010989010989011,
      "n": 54
    }
  }
}