{
  "Logistic-L2": {
    "auc": 0.71849551341367,
    "f1": 0.6457311089303238,
    "sens": 0.656686626746507,
    "spec": 0.6642984014209592,
    "per_site": {
      "CALTECH": 0.5789473684210527,
      "CMU": 0.8343195266272189,
      "KKI": 0.643092105263158,
      "LEUVEN_1": 0.5523809523809524,
      "LEUVEN_2": 0.8333333333333333,
      "MAX_MUN": 0.6100981767180926,
      "NYU": 0.7556359252561784,
      "OHSU": 0.7440476190476191,
      "OLIN": 0.6052631578947368,
      "PITT": 0.7730769230769231,
      "SBL": 0.5955555555555556,
      "SDSU": 0.7202797202797203,
      "STANFORD": 0.71,
      "TRINITY": 0.6365217391304347,
      "UCLA_1": 0.7945945945945946,
      "UCLA_2": 0.7461538461538462,
      "UM_1": 0.7216161616161616,
      "UM_2": 0.8644688644688645,
      "USM": 0.7594080338266385,
      "YALE": 0.7976190476190476
    },
    "ci": [
      0.6875740803514419,
      0.7501316392352424
    ],
    "motion_controlled_auc": 0.7052998798140842
  },
  "SVM-RBF": {
    "auc": 0.7195396063999886,
    "f1": 0.6270491803278688,
    "sens": 0.6107784431137725,
    "spec": 0.6998223801065719,
    "per_site": {
      "CALTECH": 0.5761772853185596,
      "CMU": 0.8698224852071006,
      "KKI": 0.7384868421052632,
      "LEUVEN_1": 0.6666666666666667,
      "LEUVEN_2": 0.74,
      "MAX_MUN": 0.6255259467040672,
      "NYU": 0.7622664255575649,
      "OHSU": 0.5416666666666667,
      "OLIN": 0.763157894736842,
      "PITT": 0.7410256410256411,
      "SBL": 0.6577777777777778,
      "SDSU": 0.6993006993006994,
      "STANFORD": 0.7125,
      "TRINITY": 0.6165217391304347,
      "UCLA_1": 0.7049549549549549,
      "UCLA_2": 0.7,
      "UM_1": 0.7262626262626263,
      "UM_2": 0.8021978021978021,
      "USM": 0.7993657505285413,
      "YALE": 0.8392857142857142
    },
    "ci": [
      0.6894017437645038,
      0.750228269164789
    ],
    "motion_controlled_auc": 0.7030096113279657
  },
  "majority_acc": 0.5291353383458647
}