{
  "n_lh_regions": 50,
  "n_sfari": 602,
  "abide1": {
    "r": -0.043937575030012,
    "p_spin": 0.8511488511488512,
    "null_ci": [
      -0.4033366398395779,
      0.46936466334430577
    ]
  },
  "abide2": {
    "r": -0.22477791116446577,
    "p_spin": 0.2677322677322677,
    "null_ci": [
      -0.3753235134837345,
      0.35635344181147643
    ]
  },
  "null_band_95": [
    -0.3889819416047309,
    0.42913913187289593
  ],
  "celltypes": {
    "Excitatory": {
      "r": 0.0480672268907563,
      "p_spin": 0.8521478521478522
    },
    "Inhibitory": {
      "r": -0.041152460984393756,
      "p_spin": 0.8811188811188811
    },
    "Astrocyte": {
      "r": -0.07015606242496998,
      "p_spin": 0.8081918081918081
    },
    "Microglia": {
      "r": -0.05623049219687875,
      "p_spin": 0.8161838161838162
    }
  },
  "biotypes": {
    "biotype0": {
      "r": 0.04124849939975991,
      "p_spin": 0.8861138861138861,
      "n": 194
    },
    "biotype1": {
      "r": -0.20835534213685472,
      "p_spin": 0.36363636363636365,
      "n": 44
    },
    "biotype2": {
      "r": -0.07659063625450178,
      "p_spin": 0.6523476523476524,
      "n": 130
    },
    "biotype3": {
      "r": -0.14775510204081632,
      "p_spin": 0.6013986013986014,
      "n": 79
    },
    "biotype4": {
      "r": -0.08600240096038414,
      "p_spin": 0.6883116883116883,
      "n": 54
    }
  }
}