{
  "n_subjects": 1064,
  "n_asd": 501,
  "n_ctrl": 563,
  "fd_thresh": 0.5,
  "n_spin": 1000,
  "sfari": {
    "r": -0.00216021602160216,
    "p_spin": 0.993006993006993,
    "p_naive": 0.9829819426933335
  },
  "celltypes": {
    "Excitatory": {
      "r": 0.039675967596759676,
      "p_spin": 0.8031968031968032
    },
    "Inhibitory": {
      "r": 0.0066486648664866475,
      "p_spin": 0.9660339660339661
    },
    "Astrocyte": {
      "r": -0.006924692469246924,
      "p_spin": 0.975024975024975
    },
    "Microglia": {
      "r": -0.0034683468346834684,
      "p_spin": 0.985014985014985
    }
  },
  "sfari_genes_with_probes": 602
}