{
  "coupling_ctrl": 0.23014313212040027,
  "coupling_asd": 0.22340299887893583,
  "p_spin_ctrl": 0.000999000999000999,
  "diff": 0.006740133241464441,
  "diff_ci": [
    -0.00390834121032927,
    0.019066142301426493
  ],
  "p_diff": 0.26,
  "ci_ctrl": [
    0.22137123698043706,
    0.23834382121071807
  ],
  "ci_asd": [
    0.21482889444078676,
    0.2312284145677278
  ],
  "n_ctrl": 563,
  "n_asd": 501
}