{
  "model": "BrainNetCNN",
  "loso_auc": 0.6810056618556848,
  "ci": [
    0.6487844080183538,
    0.7114466654454865
  ],
  "per_site_auc": {
    "CALTECH": 0.6620498614958449,
    "CMU": 0.7662721893491125,
    "KKI": 0.582236842105263,
    "LEUVEN_1": 0.5285714285714286,
    "LEUVEN_2": 0.84,
    "MAX_MUN": 0.5904628330995793,
    "NYU": 0.7053646775165763,
    "OHSU": 0.5416666666666666,
    "OLIN": 0.7138157894736842,
    "PITT": 0.7769230769230769,
    "SBL": 0.5777777777777777,
    "SDSU": 0.7517482517482517,
    "STANFORD": 0.6399999999999999,
    "TRINITY": 0.7095652173913043,
    "UCLA_1": 0.8099099099099099,
    "UCLA_2": 0.7,
    "UM_1": 0.7541414141414141,
    "UM_2": 0.8241758241758242,
    "USM": 0.6608879492600422,
    "YALE": 0.7724867724867724
  },
  "per_site_mean": 0.6954028241046265
}