{
  "convergence": {
    "early_prenatal": {
      "coexpr": 0.394039815959841,
      "null_mean": 0.3487253813033026,
      "null_std": 0.007339897343792895,
      "null_lo": 0.3343372973688401,
      "null_hi": 0.363405737080339,
      "p": 0.001996007984031936,
      "n_samp": 47
    },
    "midfetal": {
      "coexpr": 0.31348562991887036,
      "null_mean": 0.25988433824439927,
      "null_std": 0.004520988032156169,
      "null_lo": 0.2508194346462717,
      "null_hi": 0.2693459522048807,
      "p": 0.001996007984031936,
      "n_samp": 99
    },
    "late_prenatal": {
      "coexpr": 0.4587490310289835,
      "null_mean": 0.4000850334523362,
      "null_std": 0.00581887281569224,
      "null_lo": 0.3895481105126289,
      "null_hi": 0.4108350311200637,
      "p": 0.001996007984031936,
      "n_samp": 16
    },
    "infancy": {
      "coexpr": 0.4476914038923657,
      "null_mean": 0.3731934016450909,
      "null_std": 0.007571988773999626,
      "null_lo": 0.359666916313893,
      "null_hi": 0.3912545683801776,
      "p": 0.001996007984031936,
      "n_samp": 30
    },
    "childhood": {
      "coexpr": 0.47672096767426003,
      "null_mean": 0.3455242781223628,
      "null_std": 0.007283145208804186,
      "null_lo": 0.33203337126293386,
      "null_hi": 0.36093225931470346,
      "p": 0.001996007984031936,
      "n_samp": 71
    },
    "adolescence": {
      "coexpr": 0.5419089109573002,
      "null_mean": 0.4121997503783473,
      "null_std": 0.010130892951360677,
      "null_lo": 0.3923089189596237,
      "null_hi": 0.43146145251315704,
      "p": 0.001996007984031936,
      "n_samp": 36
    },
    "adult": {
      "coexpr": 0.37303287086806297,
      "null_mean": 0.30981494779891333,
      "null_std": 0.005966057774119468,
      "null_lo": 0.29848336944398485,
      "null_hi": 0.32154444249180736,
      "p": 0.001996007984031936,
      "n_samp": 63
    }
  },
  "prenatal_link": {
    "n": 12110,
    "rho": -0.06418235952862639,
    "p": 1.5545194911156964e-12
  }
}