{
  "Logistic-L2": {
    "raw": 0.7172546558747515,
    "combat": 0.7224343497729231
  },
  "SVM-RBF": {
    "raw": 0.7208832778492749,
    "combat": 0.7254584968606304
  }
}